{
  "unversionedId": "docs/autonomous-functions",
  "id": "docs/autonomous-functions",
  "title": "Autonomous Functions",
  "description": "JAR Template provides a multitude of ways to control the chassis using PID and odometry.",
  "source": "@site/docs/docs/autonomous-functions.md",
  "sourceDirName": "docs",
  "slug": "/docs/autonomous-functions",
  "permalink": "/JAR-Template/docs/autonomous-functions",
  "draft": false,
  "tags": [],
  "version": "current",
  "sidebarPosition": 1,
  "frontMatter": {
    "sidebar_position": 1,
    "sidebar_label": "Autonomous Functions",
    "title": "Autonomous Functions"
  },
  "sidebar": "tutorialSidebar",
  "previous": {
    "title": "Docs",
    "permalink": "/JAR-Template/docs/"
  },
  "next": {
    "title": "Drive Class",
    "permalink": "/JAR-Template/docs/drive-class/"
  }
}