{
  "unversionedId": "docs/drive-constructor",
  "id": "docs/drive-constructor",
  "title": "Drive Constructor",
  "description": "The JAR Template drive constructor can build drivetrains with no tracking wheels, but also supports tank and holonomic odometry, with either red optical encoders or V5 rotation sensors. Note that each constructor has the same prototype, and that every drive style requires a V5 inertial sensor.",
  "source": "@site/docs/docs/drive-constructor.md",
  "sourceDirName": "docs",
  "slug": "/docs/drive-constructor",
  "permalink": "/JAR-Template/docs/drive-constructor",
  "draft": false,
  "tags": [],
  "version": "current",
  "sidebarPosition": 2,
  "frontMatter": {
    "sidebar_position": 2,
    "sidebar_label": "Drive Constructor",
    "title": "Drive Constructor"
  },
  "sidebar": "tutorialSidebar",
  "previous": {
    "title": "General Functions",
    "permalink": "/JAR-Template/docs/drive-class/general-functions"
  },
  "next": {
    "title": "Drive Constructor",
    "permalink": "/JAR-Template/docs/odometry-class"
  }
}