{
  "docusaurus-plugin-content-docs": {
    "default": {
      "path": "/JAR-Template/",
      "versions": [
        {
          "name": "current",
          "label": "Next",
          "isLast": true,
          "path": "/JAR-Template/",
          "mainDocId": "index",
          "docs": [
            {
              "id": "advanced-tutorials/advanced-tutorials",
              "path": "/JAR-Template/advanced-tutorials/",
              "sidebar": "tutorialSidebar"
            },
            {
              "id": "advanced-tutorials/using-drive-member-variables",
              "path": "/JAR-Template/advanced-tutorials/using-drive-member-variables",
              "sidebar": "tutorialSidebar"
            },
            {
              "id": "basic-tutorials/basic-tutorials",
              "path": "/JAR-Template/basic-tutorials/",
              "sidebar": "tutorialSidebar"
            },
            {
              "id": "basic-tutorials/basic-usage",
              "path": "/JAR-Template/basic-tutorials/basic-usage",
              "sidebar": "tutorialSidebar"
            },
            {
              "id": "basic-tutorials/installing-jar-template",
              "path": "/JAR-Template/basic-tutorials/installing-jar-template",
              "sidebar": "tutorialSidebar"
            },
            {
              "id": "docs/docs",
              "path": "/JAR-Template/docs/",
              "sidebar": "tutorialSidebar"
            },
            {
              "id": "docs/drive-class/drive-class",
              "path": "/JAR-Template/docs/drive-class/",
              "sidebar": "tutorialSidebar"
            },
            {
              "id": "docs/drive-class/drive-constructor",
              "path": "/JAR-Template/docs/drive-class/drive-constructor",
              "sidebar": "tutorialSidebar"
            },
            {
              "id": "docs/drive-class/general-functions",
              "path": "/JAR-Template/docs/drive-class/general-functions",
              "sidebar": "tutorialSidebar"
            },
            {
              "id": "docs/drive-class/motion-functions",
              "path": "/JAR-Template/docs/drive-class/motion-functions",
              "sidebar": "tutorialSidebar"
            },
            {
              "id": "docs/odometry-class",
              "path": "/JAR-Template/docs/odometry-class",
              "sidebar": "tutorialSidebar"
            },
            {
              "id": "docs/PID-class",
              "path": "/JAR-Template/docs/PID-class",
              "sidebar": "tutorialSidebar"
            },
            {
              "id": "docs/utility-functions",
              "path": "/JAR-Template/docs/utility-functions",
              "sidebar": "tutorialSidebar"
            },
            {
              "id": "index",
              "path": "/JAR-Template/",
              "sidebar": "tutorialSidebar"
            }
          ],
          "draftIds": [],
          "sidebars": {
            "tutorialSidebar": {
              "link": {
                "path": "/JAR-Template/",
                "label": "About"
              }
            }
          }
        }
      ],
      "breadcrumbs": true
    }
  }
}