{
  "/JAR-Template/-6d5": {
    "__comp": "1be78505",
    "__context": {
      "plugin": "4edaca32"
    },
    "versionMetadata": "935f2afb"
  },
  "/JAR-Template/-1f0": {
    "__comp": "17896441",
    "content": "c377a04b"
  },
  "/JAR-Template/advanced-tutorials-df1": {
    "__comp": "17896441",
    "content": "c1477aab"
  },
  "/JAR-Template/advanced-tutorials/using-drive-member-variables-033": {
    "__comp": "17896441",
    "content": "83ba41b1"
  },
  "/JAR-Template/basic-tutorials-d5f": {
    "__comp": "17896441",
    "content": "741a2760"
  },
  "/JAR-Template/basic-tutorials/basic-usage-c43": {
    "__comp": "17896441",
    "content": "d945bf92"
  },
  "/JAR-Template/basic-tutorials/installing-jar-template-1af": {
    "__comp": "17896441",
    "content": "aab331ed"
  },
  "/JAR-Template/docs-88d": {
    "__comp": "17896441",
    "content": "dcc56147"
  },
  "/JAR-Template/docs/drive-class-f32": {
    "__comp": "17896441",
    "content": "7f3db3ff"
  },
  "/JAR-Template/docs/drive-class/drive-constructor-452": {
    "__comp": "17896441",
    "content": "574fca78"
  },
  "/JAR-Template/docs/drive-class/general-functions-4d3": {
    "__comp": "17896441",
    "content": "95e5629e"
  },
  "/JAR-Template/docs/drive-class/motion-functions-742": {
    "__comp": "17896441",
    "content": "9e492c3d"
  },
  "/JAR-Template/docs/odometry-class-e23": {
    "__comp": "17896441",
    "content": "0fdce824"
  },
  "/JAR-Template/docs/PID-class-4a6": {
    "__comp": "17896441",
    "content": "1003d2e9"
  },
  "/JAR-Template/docs/utility-functions-fb4": {
    "__comp": "17896441",
    "content": "b9475e83"
  }
}